,Loan_ID,Gender,Married,Dependents,Education,Self_Employed,ApplicantIncome,CoapplicantIncome,LoanAmount,Loan_Amount_Term,Credit_History,Property_Area,Loan_Status
0,LP001001,Male,Yes,1,Graduate,No,4583,1508,128,360,1,Rural,N
1,LP001002,Male,Yes,0,Graduate,Yes,3000,0,66,360,1,Urban,Y
2,LP001003,Male,Yes,0,Not Graduate,No,2583,2358,120,360,1,Urban,Y
3,LP001004,Male,No,0,Graduate,No,6000,0,141,360,1,Urban,Y
4,LP001005,Male,Yes,0,Not Graduate,No,2333,1516,95,360,1,Urban,Y
5,LP001006,Male,Yes,2,Graduate,No,3200,700,70,360,1,Urban,Y
6,LP001007,Male,Yes,2,Graduate,,2500,1840,109,360,1,Urban,Y
7,LP001008,Male,No,0,Graduate,No,1853,2840,114,360,1,Rural,N
8,LP001009,Male,Yes,2,Graduate,No,1299,1086,17,120,1,Urban,Y
9,LP001010,Male,No,0,Graduate,No,4950,0,125,360,1,Urban,Y
10,LP001011,Male,No,1,Not Graduate,No,3596,0,100,240,,Urban,Y
11,LP001012,Female,No,0,Graduate,No,3510,0,76,360,0,Urban,N
12,LP001013,Male,Yes,0,Not Graduate,No,4887,0,133,360,1,Rural,N
13,LP001014,Male,Yes,0,Graduate,,2600,3500,115,,1,Urban,Y
14,LP001015,Male,Yes,0,Not Graduate,No,7660,0,104,360,0,Urban,N
15,LP001016,Male,Yes,0,Not Graduate,No,2600,1911,116,360,0,Semiurban,N
16,LP001017,,Yes,2,Not Graduate,No,3365,1917,112,360,0,Rural,N
17,LP001018,Male,Yes,0,Graduate,No,2799,2253,122,360,1,Semiurban,Y
18,LP001019,Male,Yes,2,Not Graduate,No,4226,1040,,360,1,Urban,Y
19,LP001020,Male,No,0,Not Graduate,No,1442,0,35,360,1,Urban,N
20,LP001021,Female,No,2,Graduate,,3750,2083,120,360,1,Semiurban,Y
21,LP001022,Male,No,0,Graduate,No,3167,0,74,360,1,Urban,N
22,LP001023,Male,No,1,Graduate,Yes,4692,0,106,360,1,Rural,N
23,LP001024,Male,Yes,0,Graduate,No,3500,1667,114,360,1,Semiurban,Y
24,LP001025,Male,Yes,0,Graduate,No,1828,1330,100,,0,Urban,N
25,LP001026,Female,Yes,0,Graduate,No,3667,1459,144,360,1,Semiurban,Y
26,LP001027,Male,No,0,Not Graduate,No,3748,1668,,360,1,Semiurban,Y
27,LP001028,Male,No,0,Graduate,No,3600,0,80,360,1,Urban,N
28,LP001029,Male,No,0,Graduate,No,1800,1213,47,360,1,Urban,Y
29,LP001030,Male,Yes,0,Graduate,No,2400,0,75,360,,Urban,Y
30,LP001031,Male,Yes,0,Graduate,No,3941,2336,134,360,1,Semiurban,Y
31,LP001032,Male,Yes,0,Not Graduate,Yes,4695,0,96,,1,Urban,Y
32,LP001033,Female,No,0,Graduate,No,3410,0,88,,1,Urban,Y
33,LP001034,Male,Yes,1,Graduate,No,5649,0,44,360,1,Urban,Y
34,LP001035,Male,Yes,0,Graduate,No,5821,0,144,360,1,Urban,Y
35,LP001036,Female,Yes,0,Graduate,No,2645,,120,360,0,Urban,N
36,LP001037,Female,No,0,Graduate,No,4000,2275,144,360,1,Semiurban,Y
37,LP001038,Female,Yes,0,Not Graduate,No,1928,1644,100,360,1,Semiurban,Y
38,LP001039,Female,No,0,Graduate,No,3086,0,120,360,1,Semiurban,Y
39,LP001040,Female,No,0,Graduate,No,4230,0,112,360,1,Semiurban,N
40,LP001041,Male,Yes,2,Graduate,No,4616,0,134,360,1,Urban,N
41,LP001042,Male,Yes,2,Graduate,No,2708,1167,97,360,1,Semiurban,Y
42,LP001043,Male,Yes,0,Graduate,No,2132,1591,96,360,1,Semiurban,Y
43,LP001044,Male,Yes,0,Graduate,No,3366,,135,360,1,Rural,N
44,LP001045,Male,Yes,2,Not Graduate,No,3357,2859,144,360,1,Urban,Y
45,LP001046,Male,Yes,0,Graduate,No,2500,3796,120,360,1,Urban,Y
46,LP001047,Male,Yes,3+,Graduate,No,3029,0,99,360,1,Urban,Y
47,LP001048,Female,No,0,Graduate,No,4166,0,116,360,0,Semiurban,N
48,LP001049,Male,No,0,Not Graduate,No,3200,2254,126,180,0,Urban,N
49,LP001050,Male,Yes,3+,Not Graduate,Yes,7100,0,125,60,1,Urban,Y
50,LP001051,Female,No,0,Graduate,No,,0,136,360,0,Semiurban,N
51,LP001052,Male,Yes,2,Not Graduate,Yes,1875,1875,97,360,1,Semiurban,Y
52,LP001053,Male,No,0,Graduate,No,3500,0,81,300,1,Semiurban,Y
53,LP001054,Male,Yes,3+,Not Graduate,No,4755,0,95,,0,Semiurban,N
54,LP001055,Male,No,0,Graduate,No,3750,0,113,480,1,Urban,N
55,LP001056,Male,Yes,1,Graduate,Yes,1000,3022,110,360,1,Urban,N
56,LP001057,Male,Yes,3+,Not Graduate,Yes,3333,2166,130,360,,Semiurban,Y
57,LP001058,Female,No,0,Graduate,No,3846,0,111,360,1,Semiurban,Y
58,LP001059,Male,Yes,1,Graduate,No,3988,0,50,240,1,Urban,Y
59,LP001060,Male,No,0,Graduate,No,2366,2531,136,360,1,Semiurban,Y
60,LP001061,Male,Yes,2,Not Graduate,No,3333,2000,99,360,,Semiurban,Y
61,LP001062,Male,Yes,0,Graduate,No,2500,2118,104,360,1,Semiurban,Y
62,LP001063,Male,Yes,0,Graduate,No,2958,2900,131,360,1,Semiurban,Y
63,LP001064,Male,Yes,2,Not Graduate,No,3273,1820,81,360,1,Urban,Y
64,LP001065,Male,No,0,Graduate,No,4133,0,122,360,1,Semiurban,Y
65,LP001066,Male,No,0,Not Graduate,No,3620,0,25,120,1,Semiurban,Y
66,LP001067,Female,Yes,0,Graduate,No,2484,2302,137,360,1,Semiurban,Y
67,LP001068,Male,Yes,0,Graduate,No,1977,997,50,360,1,Semiurban,Y
68,LP001069,Male,Yes,0,Not Graduate,No,4188,0,115,180,1,Semiurban,Y
69,LP001070,Male,Yes,0,Graduate,No,1759,3541,131,360,1,Semiurban,Y
70,LP001071,Male,Yes,2,Not Graduate,No,4288,3263,133,180,1,Urban,Y
71,LP001072,Male,Yes,1,Graduate,No,3052,1030,100,360,1,Urban,Y
72,LP001073,Male,No,0,Not Graduate,,7333,0,120,360,1,Rural,N
73,LP001074,Male,Yes,3+,Not Graduate,No,2071,754,94,480,1,Semiurban,Y
74,LP001075,Male,No,0,Graduate,No,5316,0,136,360,1,Urban,Y
75,LP001076,Female,Yes,0,Graduate,,2929,2333,139,360,1,Semiurban,Y
76,LP001077,Male,No,0,Graduate,,5050,0,118,360,1,Semiurban,Y
77,LP001078,Male,Yes,1,Graduate,No,2214,1398,85,360,,Urban,Y
78,LP001079,Female,No,0,Graduate,No,4166,0,44,360,1,Semiurban,Y
79,LP001080,Female,No,0,Graduate,No,2137,8980,137,360,0,Semiurban,Y
80,LP001081,Male,Yes,2,Graduate,No,2957,0,,360,1,Semiurban,Y
81,LP001082,Female,No,0,Graduate,No,3692,0,93,360,,Rural,Y
82,LP001083,Male,No,0,Graduate,No,2014,1929,,360,1,Urban,Y
83,LP001084,Male,No,0,Graduate,No,2718,0,70,360,1,Semiurban,Y
84,LP001085,Male,Yes,0,Graduate,Yes,3459,0,25,120,1,Semiurban,Y
85,LP001086,Male,No,0,Graduate,No,4895,0,102,360,1,Semiurban,Y
86,LP001087,Female,Yes,0,Graduate,No,4583,0,84,360,1,Rural,N
87,LP001088,Male,Yes,2,Graduate,Yes,3316,3500,88,360,1,Urban,Y
88,LP001089,Male,Yes,2,Not Graduate,No,4200,1430,129,360,1,Rural,N
89,LP001090,Male,Yes,0,Graduate,No,2698,2034,122,360,1,Semiurban,Y
90,LP001091,Female,Yes,0,Graduate,No,2330,4486,100,360,1,Semiurban,Y
91,LP001092,Male,Yes,1,Graduate,No,1538,1425,30,360,1,Urban,Y
92,LP001093,Male,Yes,0,Graduate,No,4860,830,125,360,1,Semiurban,Y
93,LP001094,Male,No,0,Graduate,No,6277,0,118,360,0,Rural,N
94,LP001095,Male,Yes,2,Not Graduate,No,2281,0,113,360,1,Rural,N
95,LP001096,Male,No,0,Graduate,No,3254,0,50,360,1,Urban,Y
96,LP001097,Male,No,0,Graduate,,2980,2083,120,360,1,Rural,Y
97,LP001098,Male,Yes,0,Not Graduate,No,1863,1041,98,360,1,Semiurban,Y
98,LP001099,Male,Yes,1,Graduate,No,3089,1280,121,360,0,Semiurban,N
99,LP001100,Male,Yes,0,Graduate,No,9323,0,75,180,1,Urban,Y
100,LP001101,Female,Yes,0,Graduate,No,4583,0,112,360,1,Rural,N
101,LP001102,Male,Yes,0,Graduate,No,2439,3333,129,360,1,Rural,Y
102,LP001103,Male,No,0,Graduate,No,2237,0,63,480,0,Semiurban,N
103,LP001104,Male,Yes,0,Not Graduate,,1820,1769,95,360,1,Rural,Y
104,LP001105,Male,Yes,3+,,No,3522,0,81,180,1,Rural,N
105,LP001106,Male,Yes,0,Not Graduate,Yes,4344,736,87,360,1,Semiurban,N
106,LP001107,Male,Yes,0,Graduate,No,3497,1964,116,360,1,Rural,Y
107,LP001108,Male,Yes,2,Graduate,No,2045,1619,101,360,1,Rural,Y
108,LP001109,Male,Yes,1,Graduate,No,3750,0,116,360,1,Semiurban,Y
109,LP001110,Male,No,0,Not Graduate,No,2333,1451,102,480,0,Urban,N
110,LP001111,Male,No,0,Graduate,No,1916,5063,67,360,,Rural,N
111,LP001112,Male,Yes,0,Graduate,No,4600,0,73,180,1,Semiurban,Y
112,LP001113,Female,Yes,0,Graduate,No,3625,0,108,360,1,Semiurban,Y
113,LP001114,Male,Yes,1,Graduate,Yes,2178,0,66,300,0,Rural,N
114,LP001115,Male,Yes,0,Graduate,No,2383,2138,58,360,,Rural,Y
115,LP001116,Male,No,0,Not Graduate,No,4885,0,48,360,1,Rural,Y
116,LP001117,Male,No,0,Graduate,No,3858,0,76,360,1,Semiurban,Y
117,LP001118,Male,No,0,Graduate,No,4191,0,120,360,1,Rural,Y
118,LP001119,Female,No,0,Not Graduate,No,1907,2365,120,,1,Urban,Y
119,LP001120,Female,Yes,0,Graduate,No,3416,2816,113,360,,Semiurban,Y
120,LP001121,Male,Yes,1,Not Graduate,No,2600,2500,90,360,1,Semiurban,Y
121,LP001122,Male,Yes,1,Not Graduate,No,3500,1083,135,360,1,Urban,Y
122,LP001123,Male,Yes,2,Not Graduate,No,3917,0,124,360,1,Semiurban,Y
123,LP001124,Female,No,0,Not Graduate,No,4408,0,120,360,1,Semiurban,Y
124,LP001125,Female,No,0,Graduate,No,3244,0,80,360,1,Urban,Y
125,LP001126,Male,No,0,Not Graduate,No,3975,2531,55,360,1,Rural,Y
126,LP001127,Male,No,0,Graduate,No,2479,0,59,360,1,Urban,Y
127,LP001128,Male,No,0,Graduate,No,3418,0,127,360,1,Semiurban,N
128,LP001129,Male,Yes,3+,Graduate,No,3430,1250,128,360,0,Semiurban,N
129,LP001130,Male,Yes,3+,Not Graduate,Yes,5703,0,130,360,1,Rural,Y
130,LP001131,Male,Yes,0,Graduate,No,3173,3021,137,360,1,Urban,Y
131,LP001132,Male,Yes,3+,Not Graduate,No,3850,983,100,360,1,Semiurban,Y
132,LP001133,Male,Yes,0,Graduate,No,150,1800,135,360,1,Rural,N
133,LP001134,Male,Yes,0,Graduate,No,3727,1775,131,360,1,Semiurban,Y
134,LP001135,Male,Yes,2,Graduate,,5000,0,72,360,0,Semiurban,N
135,LP001136,Female,Yes,2,Graduate,No,4283,2383,127,360,,Semiurban,Y
136,LP001137,Male,Yes,0,Graduate,No,2221,0,60,360,0,Urban,N
137,LP001138,Male,Yes,2,Graduate,No,4009,1717,116,360,1,Semiurban,Y
138,LP001139,Male,No,0,Graduate,No,2971,2791,144,360,1,Semiurban,Y
139,LP001140,Male,Yes,0,Graduate,No,6250,0,128,360,1,Semiurban,Y
140,LP001141,Male,Yes,,Not Graduate,Yes,4735,0,138,360,1,Urban,N
141,LP001142,Male,Yes,1,Graduate,No,2491,2054,104,360,1,Semiurban,Y
142,LP001143,Male,Yes,0,Graduate,,3716,0,42,180,1,Rural,Y
143,LP001144,Male,No,0,Not Graduate,No,3189,2598,120,,1,Rural,Y
144,LP001145,Male,Yes,1,Graduate,No,3155,1779,140,360,1,Semiurban,Y
145,LP001146,Female,No,0,Graduate,Yes,3463,0,122,360,,Urban,Y
146,LP001147,Female,No,1,Graduate,No,3812,0,112,360,1,Rural,Y
147,LP001148,Male,Yes,1,Graduate,No,3315,0,96,360,1,Semiurban,Y
148,LP001149,Male,Yes,2,Graduate,No,5819,5000,120,360,1,Rural,Y
149,LP001150,Male,Yes,1,Not Graduate,No,2510,1983,140,180,1,Urban,N
150,LP001151,Male,Yes,2,Graduate,Yes,6250,1300,108,360,1,Rural,Y
151,LP001152,Male,Yes,0,Not Graduate,No,3406,4417,123,360,1,Semiurban,Y
152,LP001153,Male,No,0,Graduate,Yes,6050,4333,120,180,1,Urban,N
153,LP001154,Male,Yes,2,Graduate,No,9703,0,112,360,1,Urban,Y
154,LP001155,Male,Yes,1,Not Graduate,No,6608,0,137,180,1,Urban,Y
155,LP001156,Male,Yes,1,Graduate,No,2882,,123,480,1,Semiurban,Y
156,LP001157,Male,Yes,0,Graduate,No,1809,1868,90,360,1,Urban,Y
157,LP001158,Female,No,2,Graduate,No,3427,0,138,360,1,Urban,N
158,LP001159,Male,No,0,Not Graduate,Yes,2583,2167,104,360,1,Rural,Y
159,LP001160,Male,No,0,Not Graduate,No,6045,0,115,360,0,Rural,N
160,LP001161,Male,Yes,3+,Graduate,No,5250,0,94,360,1,Urban,N
161,LP001162,Male,Yes,3+,Not Graduate,No,4931,0,128,360,,Semiurban,N
162,LP001163,Male,No,0,Graduate,No,2060,2209,134,360,1,Semiurban,Y
163,LP001164,Female,No,0,Graduate,No,7200,0,120,360,1,Rural,Y
164,LP001165,Male,No,0,Graduate,Yes,5166,0,128,360,1,Semiurban,Y
165,LP001166,Male,Yes,2,Graduate,No,4708,1387,150,360,1,Semiurban,Y
166,LP001167,Female,No,0,Graduate,,3418,0,135,360,1,Rural,N
167,LP001168,Female,No,1,Graduate,No,2876,1560,90,360,1,Urban,Y
168,LP001169,Female,No,0,Graduate,No,3237,0,30,360,1,Urban,Y
169,LP001170,Male,No,0,Graduate,No,,1857,126,360,1,Rural,Y
170,LP001171,Male,Yes,0,Graduate,No,2620,2223,150,360,1,Semiurban,Y
171,LP001172,Male,Yes,2,Graduate,No,3900,0,90,360,1,Semiurban,Y
172,LP001173,Male,Yes,1,Graduate,No,2750,1842,115,360,1,Semiurban,Y
173,LP001174,Male,Yes,0,Graduate,No,3103,1300,80,360,1,Urban,Y
174,LP001175,Female,Yes,0,Not Graduate,No,4100,0,124,360,,Rural,Y
175,LP001176,Male,Yes,0,Graduate,No,3927,800,112,360,1,Semiurban,Y
176,LP001177,Male,Yes,2,Graduate,No,2301,985.7999878,78,180,1,Urban,Y
177,LP001178,Female,No,0,Graduate,No,1811,1666,54,360,1,Urban,Y
178,LP001179,Male,No,0,Graduate,No,3158,3053,89,360,1,Rural,Y
179,LP001180,Female,No,0,Graduate,Yes,2600,1717,99,300,1,Semiurban,N
180,LP001181,Male,Yes,0,Graduate,No,3704,2000,120,360,1,Rural,Y
181,LP001182,Female,No,0,Graduate,No,4124,0,115,360,1,Semiurban,Y
182,LP001183,Male,Yes,0,Graduate,No,3075,2416,139,360,1,Rural,Y
183,LP001184,Male,Yes,2,Graduate,No,4400,0,127,360,0,Semiurban,N
184,LP001185,Male,Yes,2,Graduate,No,3153,1560,134,360,1,Urban,Y
185,LP001186,Female,No,,Graduate,No,5417,0,143,480,0,Urban,N
186,LP001187,Male,Yes,3+,Graduate,,4416,1250,110,360,1,Urban,Y
187,LP001188,Female,Yes,1,Graduate,No,4666,0,135,360,1,Urban,Y
188,LP001189,Male,Yes,1,Graduate,No,2014,2925,113,360,1,Urban,N
189,LP001190,Male,Yes,0,Not Graduate,No,1800,2934,93,360,0,Urban,N
190,LP001191,Male,Yes,,Not Graduate,No,2875,1750,105,360,1,Semiurban,Y
191,LP001192,Female,No,0,Graduate,No,5000,0,132,360,1,Rural,Y
192,LP001193,Male,Yes,1,Graduate,No,1625,1803,96,360,1,Urban,Y
193,LP001194,Male,No,0,Graduate,No,4000,,140,360,1,Rural,Y
194,LP001195,Female,No,0,Graduate,No,3762,1666,135,360,1,Rural,Y
195,LP001196,Female,No,0,Graduate,No,2400,1863,104,360,0,Urban,N
196,LP001197,Female,No,0,Graduate,No,2917,0,84,360,1,Semiurban,Y
197,LP001198,Male,No,0,Not Graduate,No,2927,2405,111,360,1,Semiurban,Y
198,LP001199,Female,No,0,Graduate,No,2507,0,56,360,1,Rural,Y
199,LP001200,Male,Yes,2,Graduate,Yes,5746,0,144,84,,Rural,Y
200,LP001201,Male,Yes,1,Not Graduate,No,3399,1640,111,180,1,Urban,Y
201,LP001202,Male,Yes,2,Graduate,No,3717,0,120,360,1,Semiurban,Y
202,LP001203,Male,Yes,0,Graduate,No,2058,2134,88,360,,Urban,Y
203,LP001204,Female,No,1,Graduate,No,3541,0,112,360,,Semiurban,Y
204,LP001205,Male,Yes,0,Graduate,No,2400,2167,115,360,1,Semiurban,Y
205,LP001206,Male,Yes,3+,Graduate,No,4342,,124,360,1,Semiurban,Y
206,LP001207,Female,No,0,Graduate,No,3166,2985,132,360,,Rural,Y
207,LP001208,Male,No,0,Graduate,No,,0,130,360,0,Rural,Y
208,LP001209,Female,Yes,0,Graduate,No,4333,2451,110,360,1,Urban,N
209,LP001210,Female,No,0,Graduate,No,2500,0,67,360,1,Urban,Y
210,LP001211,Male,No,1,Graduate,No,4384,1793,117,360,1,Urban,Y
211,LP001212,Male,No,0,Graduate,No,2935,0,98,360,1,Semiurban,Y
212,LP001213,Male,No,,Graduate,No,2833,0,71,360,1,Urban,Y
213,LP001214,Male,Yes,,Graduate,Yes,5503,4490,70,,1,Semiurban,Y
214,LP001215,Female,No,0,Graduate,No,4160,0,71,360,1,Semiurban,Y
215,LP001216,Female,No,0,Graduate,No,2378,0,46,360,1,Rural,N
216,LP001217,Male,Yes,3+,Not Graduate,No,3173,0,74,360,1,Semiurban,Y
217,LP001218,Male,Yes,2,Graduate,,2583,2330,125,360,1,Rural,Y
218,LP001219,Male,Yes,2,Not Graduate,No,3083,2168,126,360,1,Urban,Y
219,LP001220,Male,Yes,3+,Graduate,No,2666,2083,95,360,1,Rural,Y
220,LP001221,Female,Yes,0,Graduate,Yes,,0,105,360,0,Rural,N
221,LP001222,Female,Yes,0,Graduate,No,2423,505,130,360,1,Semiurban,Y
222,LP001223,Female,No,,Graduate,No,3813,0,116,180,1,Urban,Y
223,LP001224,Male,Yes,1,Graduate,No,3875,0,67,360,1,Urban,N
224,LP001225,Male,Yes,0,Not Graduate,No,3000,1666,100,480,0,Urban,N
225,LP001226,Female,No,1,Graduate,No,4723,0,81,360,1,Semiurban,N
226,LP001227,Male,Yes,0,Graduate,No,4750,2333,130,360,1,Urban,Y
227,LP001228,Male,Yes,0,Graduate,No,3013,3033,95,300,,Urban,Y
228,LP001229,Male,No,0,Graduate,Yes,6822,0,141,360,1,Rural,Y
229,LP001230,Male,No,0,Not Graduate,No,6216,0,133,360,1,Rural,N
230,LP001231,Male,No,0,Graduate,No,2500,0,96,480,1,Semiurban,N
231,LP001232,Male,No,0,Graduate,No,5124,0,124,,0,Rural,N
232,LP001233,Male,No,1,Graduate,No,3062,,111,180,0,Urban,N
233,LP001234,Female,No,0,Graduate,,2764,1459,110,360,1,Urban,Y
234,LP001235,Male,Yes,0,Graduate,No,4817,923,120,180,1,Urban,Y
235,LP001236,Male,Yes,3+,Graduate,No,8750,4996,130,360,1,Rural,Y
236,LP001237,Male,Yes,0,Graduate,No,4310,0,130,360,,Semiurban,Y
237,LP001238,Male,No,0,Graduate,No,3069,0,71,480,1,Urban,N
238,LP001239,Male,Yes,2,Graduate,No,5391,0,130,360,1,Urban,Y
239,LP001240,Male,Yes,0,Graduate,,3333,2500,128,360,1,Semiurban,Y
240,LP001241,Male,No,0,Graduate,Yes,7167,0,128,360,1,Urban,Y
241,LP001242,Male,Yes,2,Graduate,No,,0,100,360,1,Urban,N
242,LP001243,Male,No,1,Graduate,,3667,0,113,180,1,Urban,Y
243,LP001244,Male,No,0,Not Graduate,No,2346,1600,132,360,1,Semiurban,Y
244,LP001245,Male,Yes,0,Graduate,No,2333,2417,,360,1,Urban,Y
245,LP001246,Male,Yes,0,Graduate,No,,0,125,360,1,Rural,Y
246,LP001247,Male,Yes,0,Graduate,No,2583,,120,360,,Urban,Y
247,LP001248,Male,Yes,2,Not Graduate,No,1993,1625,113,180,1,Semiurban,Y
248,LP001249,Male,Yes,2,Graduate,No,3100,1400,113,360,1,Urban,Y
249,LP001250,Male,Yes,2,Graduate,No,3276,484,135,360,,Semiurban,Y
250,LP001251,Female,No,0,Graduate,No,3180,0,71,360,0,Urban,N
251,LP001252,Male,Yes,0,Graduate,No,3033,1459,95,360,1,Urban,Y
252,LP001253,Male,No,0,Not Graduate,No,3902,1666,109,360,1,Rural,Y
253,LP001254,Female,No,0,Graduate,No,1500,1800,103,360,0,Semiurban,N
254,LP001255,Male,Yes,2,Not Graduate,No,2889,0,45,180,0,Urban,N
255,LP001256,Male,No,0,Not Graduate,No,2755,0,65,300,1,Rural,N
256,LP001257,Male,No,0,Graduate,No,2500,20000,103,360,1,Semiurban,Y
257,LP001258,Female,No,0,Not Graduate,No,1963,0,53,360,1,Semiurban,Y
258,LP001259,Female,No,0,Graduate,No,4547,0,115,360,1,Semiurban,Y
259,LP001260,Male,Yes,0,Not Graduate,No,2167,2400,115,360,1,Urban,Y
260,LP001261,Female,No,0,Not Graduate,No,2213,0,66,360,1,Rural,Y
261,LP001262,Female,No,1,Not Graduate,Yes,3867,,62,360,1,Semiurban,N
262,LP001263,Male,Yes,0,Not Graduate,No,2253,2033,110,360,1,Rural,Y
263,LP001264,Female,No,0,Graduate,No,2995,0,60,360,1,Urban,Y
264,LP001265,Male,Yes,0,Graduate,No,1025,2773,112,360,1,Rural,Y
265,LP001266,Male,Yes,0,Graduate,No,3246,1417,138,360,1,Semiurban,Y
266,LP001267,Male,Yes,0,Graduate,No,5829,0,138,360,1,Rural,Y
267,LP001268,Female,No,0,Not Graduate,No,2720,0,80,,0,Urban,N
268,LP001269,Male,Yes,0,Graduate,No,1820,1719,100,360,1,Urban,Y
269,LP001270,Male,Yes,1,Graduate,No,7250,1667,110,,0,Urban,N
270,LP001271,Male,Yes,0,Graduate,No,2666,4300,121,360,1,Rural,Y
271,LP001272,Female,No,1,Not Graduate,No,4606,0,81,360,1,Rural,N
272,LP001273,Male,Yes,2,Graduate,No,5935,0,133,360,1,Semiurban,Y
273,LP001274,Male,Yes,0,Graduate,No,2920,16.12000084,87,360,1,Rural,Y
274,LP001275,Male,No,0,Not Graduate,No,2717,,60,180,1,Urban,Y
275,LP001276,Female,No,1,Graduate,Yes,8624,0,150,360,1,Semiurban,Y
276,LP001277,Male,No,0,Graduate,No,6500,0,105,360,0,Rural,N
277,LP001278,Male,Yes,0,Graduate,No,2425,2340,143,360,1,Semiurban,Y
278,LP001279,Male,No,0,Graduate,No,3750,0,100,360,1,Urban,Y
279,LP001280,Male,No,0,Graduate,No,1926,1851,50,360,1,Semiurban,Y
280,LP001281,Female,Yes,0,Not Graduate,Yes,7142,0,138,360,1,Rural,Y
281,LP001282,Male,No,3+,Not Graduate,No,4707,1993,148,360,1,Semiurban,Y
282,LP001283,Male,Yes,1,Graduate,Yes,3466,1210,130,360,1,Rural,Y
283,LP001284,Male,Yes,2,Not Graduate,No,4652,0,110,360,1,Rural,Y
284,LP001285,Male,Yes,0,Graduate,,3539,1376,55,360,1,Rural,N
285,LP001286,Male,Yes,2,Graduate,No,3340,1710,150,360,0,Rural,N
286,LP001287,Male,Yes,2,Not Graduate,No,2309,,125,360,0,Rural,N
287,LP001288,Male,Yes,2,Not Graduate,No,1958,1456,60,300,,Urban,Y
288,LP001289,Male,Yes,0,Graduate,No,3948,,149,360,0,Rural,N
289,LP001290,Male,Yes,0,Graduate,No,2483,2466,90,180,0,Rural,Y
290,LP001291,Male,No,0,Graduate,Yes,7085,0,84,360,1,Semiurban,Y
291,LP001292,Male,Yes,2,Graduate,No,3859,0,96,360,1,Semiurban,Y
292,LP001293,Male,Yes,0,Graduate,No,4301,0,118,360,1,Urban,Y
293,LP001294,Male,No,2,Graduate,No,4354,0,136,360,1,Rural,Y
294,LP001295,Male,Yes,3+,Graduate,No,7740,0,128,180,1,Urban,Y
295,LP001296,Female,No,1,Not Graduate,,5191,0,132,360,1,Semiurban,Y
296,LP001297,Male,No,0,,No,4166,0,98,360,0,Semiurban,N
297,LP001298,Male,No,0,Graduate,No,6000,0,140,360,1,Rural,Y
298,LP001299,Male,Yes,3+,Not Graduate,No,2947,1664,70,180,0,Urban,N
299,LP001300,Female,Yes,2,Not Graduate,,210,2917,98,360,1,Semiurban,Y
300,LP001301,Male,Yes,0,Graduate,No,4333,2451,110,360,1,Urban,N
301,LP001302,Male,Yes,1,Not Graduate,No,2653,1500,113,180,0,Rural,N
302,LP001303,Male,Yes,3+,Graduate,No,,0,100,360,1,Semiurban,Y
303,LP001304,Female,No,0,Graduate,Yes,2500,0,93,360,,Urban,Y
304,LP001305,,Yes,2,Graduate,No,2873,1872,132,360,0,Semiurban,N
305,LP001306,Male,Yes,3+,Not Graduate,No,3095,0,113,360,1,Rural,Y
306,LP001307,Male,Yes,0,Graduate,No,2083,3150,128,360,1,Semiurban,Y
307,LP001308,Male,Yes,1,Not Graduate,No,1958,2436,131,360,1,Rural,Y
308,LP001309,Male,No,2,Graduate,No,3547,0,80,360,0,Rural,N
309,LP001310,Male,No,0,Graduate,No,,0,75,360,1,Urban,N
310,LP001311,Male,No,0,Not Graduate,No,2699,2785,96,360,,Semiurban,Y
311,LP001312,Male,No,0,Not Graduate,No,3691,0,110,360,1,Rural,Y
312,LP001313,Male,Yes,0,Graduate,No,3597,2157,119,360,0,Rural,N
313,LP001314,Female,Yes,1,Graduate,No,3326,913,105,84,1,Semiurban,Y
314,LP001315,Male,Yes,0,Not Graduate,No,2600,1700,107,360,1,Rural,Y
315,LP001316,Male,Yes,0,Graduate,No,4625,2857,111,12,,Urban,Y
316,LP001317,Male,Yes,1,Graduate,Yes,2895,0,95,360,1,Semiurban,Y
317,LP001318,Female,No,0,Graduate,No,645,3683,113,480,1,Rural,Y
318,LP001319,Female,No,0,Graduate,No,3159,0,100,360,1,Semiurban,Y
319,LP001320,Male,Yes,1,Not Graduate,No,4050,5302,138,360,,Rural,N
320,LP001321,Male,Yes,0,Not Graduate,No,3814,1483,124,300,1,Semiurban,Y
321,LP001322,,No,0,Graduate,No,3583,0,96,360,1,Urban,N
322,LP001323,Male,No,0,Not Graduate,No,3598,1287,100,360,1,Rural,N
323,LP001324,Male,Yes,2,Graduate,No,3283,2035,148,360,1,Urban,Y
324,LP001325,Male,Yes,0,Graduate,No,2130,6666,70,180,1,Semiurban,N
325,LP001326,Male,Yes,3+,Graduate,No,3466,3428,150,360,1,Rural,Y
326,LP001327,Female,Yes,2,Graduate,No,2031,1632,113,480,1,Semiurban,Y
327,LP001328,Male,Yes,,Not Graduate,No,3074,1800,123,360,0,Semiurban,N
328,LP001329,Female,No,0,Not Graduate,No,,0,95,360,1,Rural,N
329,LP001330,Male,Yes,2,Not Graduate,No,2192,1742,45,360,1,Semiurban,Y
330,LP001331,Male,No,0,,No,2500,0,55,360,1,Semiurban,Y
331,LP001332,Male,Yes,3+,Graduate,Yes,5677,1424,100,360,1,Rural,Y
332,LP001333,Male,Yes,0,Graduate,No,3775,0,110,360,1,Semiurban,Y
333,LP001334,Male,No,1,Not Graduate,No,2679,1302,94,360,1,Semiurban,Y
334,LP001335,Male,No,0,Not Graduate,No,6783,0,130,360,1,Semiurban,Y
335,LP001336,Male,Yes,3+,Graduate,No,4281,0,,360,1,Urban,Y
336,LP001337,Male,No,2,Graduate,No,,0,110,360,0,Rural,N
337,LP001338,Male,No,0,Not Graduate,,,2042,126,360,1,Rural,Y
338,LP001339,Male,No,2,Graduate,No,3617,0,107,360,1,Semiurban,Y
339,LP001340,Male,Yes,0,,No,2917,,66,360,1,Rural,N
340,LP001341,Female,Yes,1,Graduate,No,4608,2845,140,180,1,Semiurban,Y
341,LP001342,Female,No,0,Graduate,No,2138,0,99,360,0,Semiurban,N
342,LP001343,Female,No,1,Graduate,,3652,0,95,360,1,Semiurban,Y
343,LP001344,Male,Yes,1,Not Graduate,No,2239,,128,360,1,Urban,Y
344,LP001345,Female,Yes,0,Not Graduate,No,3017,,102,360,,Semiurban,Y
345,LP001346,Male,No,0,Not Graduate,No,3358,0,80,36,1,Semiurban,N
346,LP001347,Male,No,0,Graduate,No,2526,1783,145,360,1,Rural,Y
347,LP001348,Female,No,0,Graduate,No,5000,0,103,360,0,Semiurban,N
348,LP001349,Male,Yes,0,Graduate,No,2785,2016,110,360,1,Rural,Y
349,LP001350,Male,Yes,0,Graduate,No,3593,4266,132,180,0,Rural,N
350,LP001351,Male,Yes,1,Graduate,No,5468,1032,26,360,1,Semiurban,Y
351,LP001352,Female,No,0,Graduate,No,2667,,84,360,,Urban,Y
352,LP001353,Male,Yes,2,Not Graduate,No,3675,,108,360,1,Semiurban,Y
353,LP001354,Male,No,0,Not Graduate,Yes,5800,0,132,360,1,Semiurban,Y
354,LP001355,Male,Yes,0,Not Graduate,No,4467,0,,360,,Rural,Y
355,LP001356,Male,No,0,Graduate,No,3333,0,70,360,1,Urban,Y
356,LP001357,Male,Yes,3+,Graduate,No,3400,2500,123,360,0,Rural,N
357,LP001358,Female,No,0,Graduate,No,2378,0,9,360,1,Urban,N
358,LP001359,Male,Yes,0,,No,3166,2064,104,360,0,Urban,N
359,LP001360,Male,Yes,3+,Graduate,No,6406,0,150,360,1,Semiurban,N
360,LP001361,Male,Yes,2,Graduate,No,3159,461,108,84,1,Urban,Y
361,LP001362,,Yes,0,Graduate,No,3087,2210,,360,0,Semiurban,N
362,LP001363,Male,No,0,Graduate,No,3229,2739,110,360,1,Urban,Y
363,LP001364,Male,Yes,1,Graduate,No,1782,2232,107,360,1,Rural,Y
364,LP001365,Male,No,0,Graduate,No,1836,33837,90,360,1,Urban,N
365,LP001366,Female,Yes,0,Graduate,No,3166,0,36,360,1,Semiurban,Y
366,LP001367,Male,Yes,1,Graduate,No,1880,0,61,360,,Rural,N
367,LP001368,Male,Yes,1,Graduate,No,2787,,146,360,0,Rural,N
368,LP001369,Male,Yes,0,Graduate,No,2297,1522,104,360,1,Urban,Y
369,LP001370,Female,No,0,Not Graduate,No,2165,0,70,360,1,Semiurban,Y
370,LP001371,,No,0,Graduate,No,,0,94,360,1,Semiurban,Y
371,LP001372,Male,Yes,2,Graduate,Yes,2726,0,106,360,0,Semiurban,N
372,LP001373,Male,Yes,0,Graduate,No,3000,3416,56,180,1,Semiurban,Y
373,LP001374,Male,Yes,0,Graduate,No,3859,3300,142,180,1,Rural,Y
374,LP001375,Male,No,0,Not Graduate,No,3833,0,110,360,1,Rural,Y
375,LP001376,Male,No,,Graduate,No,2987,0,88,360,0,Semiurban,N
376,LP001377,Male,Yes,3+,Graduate,No,5703,0,128,360,1,Urban,Y
377,LP001378,Male,Yes,0,Graduate,No,3232,,108,360,1,Rural,Y
378,LP001379,Female,No,0,Graduate,No,2900,0,71,360,1,Rural,Y
379,LP001380,Male,Yes,3+,Graduate,No,4106,0,40,180,1,Rural,Y
380,LP001381,Female,No,0,,Yes,4583,0,133,360,0,Semiurban,N
381,LP001382,Male,Yes,1,Not Graduate,No,3399,1640,111,180,1,Urban,Y
382,LP001383,Male,Yes,2,Graduate,No,3717,0,120,360,1,Semiurban,Y
383,LP001384,Male,Yes,0,Graduate,No,2058,2134,88,360,,Urban,Y
384,LP001385,Female,No,1,Graduate,No,3541,0,112,360,,Semiurban,Y
385,LP001386,Male,Yes,0,Graduate,No,2400,2167,115,360,1,Semiurban,Y
386,LP001387,Male,Yes,3+,Graduate,No,4342,,124,360,1,Semiurban,Y
387,LP001388,Female,No,0,Graduate,No,3166,2985,132,360,,Rural,Y
388,LP001389,Male,No,0,Graduate,No,,0,130,360,0,Rural,Y
389,LP001390,Female,Yes,0,Graduate,No,4333,2451,110,360,1,Urban,N
390,LP001391,Female,No,0,Graduate,No,2500,0,67,360,1,Urban,Y
391,LP001392,Male,No,1,Graduate,No,4384,1793,117,360,1,Urban,Y
392,LP001393,Male,No,0,Graduate,No,2935,0,98,360,1,Semiurban,Y
393,LP001394,Male,No,,Graduate,No,2833,0,71,360,1,Urban,Y
394,LP001395,Male,Yes,,Graduate,Yes,5503,4490,70,,1,Semiurban,Y
395,LP001396,Female,No,0,Graduate,No,4160,0,71,360,1,Semiurban,Y
396,LP001397,Female,No,0,Graduate,No,2378,0,46,360,1,Rural,N
397,LP001398,Male,Yes,3+,Not Graduate,No,3173,0,74,360,1,Semiurban,Y
398,LP001399,Male,Yes,2,Graduate,,2583,2330,125,360,1,Rural,Y
399,LP001400,Male,Yes,2,Not Graduate,No,3083,2168,126,360,1,Urban,Y
400,LP001401,Male,Yes,3+,Graduate,No,2666,2083,95,360,1,Rural,Y
401,LP001402,Female,Yes,0,Graduate,Yes,,0,105,360,0,Rural,N
402,LP001403,Female,Yes,0,Graduate,No,2423,505,130,360,1,Semiurban,Y
403,LP001404,Female,No,,Graduate,No,3813,0,116,180,1,Urban,Y
404,LP001405,Male,Yes,1,Graduate,No,3875,0,67,360,1,Urban,N
405,LP001406,Male,Yes,0,Not Graduate,No,3000,1666,100,480,0,Urban,N
406,LP001407,Female,No,1,Graduate,No,4723,0,81,360,1,Semiurban,N
407,LP001408,Male,Yes,0,Graduate,No,4750,2333,130,360,1,Urban,Y
408,LP001409,Male,Yes,0,Graduate,No,3013,3033,95,300,,Urban,Y
409,LP001410,Male,No,0,Graduate,Yes,6822,0,141,360,1,Rural,Y
410,LP001411,Male,No,0,Not Graduate,No,6216,0,133,360,1,Rural,N
411,LP001412,Male,No,0,Graduate,No,2500,0,96,480,1,Semiurban,N
412,LP001413,Male,No,0,Graduate,No,5124,0,124,,0,Rural,N
413,LP001414,Male,No,1,Graduate,No,3062,,111,180,0,Urban,N
414,LP001415,Female,No,0,Graduate,,2764,1459,110,360,1,Urban,Y
415,LP001416,Male,Yes,0,Graduate,No,4817,923,120,180,1,Urban,Y
416,LP001417,Male,Yes,3+,Graduate,No,8750,4996,130,360,1,Rural,Y
417,LP001418,Male,Yes,0,Graduate,No,4310,0,130,360,,Semiurban,Y
418,LP001419,Male,No,0,Graduate,No,3069,0,71,480,1,Urban,N
419,LP001420,Male,Yes,2,Graduate,No,5391,0,130,360,1,Urban,Y
420,LP001421,Male,Yes,0,Graduate,,3333,2500,128,360,1,Semiurban,Y
421,LP001422,Male,No,0,Graduate,Yes,7167,0,128,360,1,Urban,Y
422,LP001423,Male,Yes,2,Graduate,No,,0,100,360,1,Urban,N
423,LP001424,Male,No,1,Graduate,,3667,0,113,180,1,Urban,Y
424,LP001425,Male,No,0,Not Graduate,No,2346,1600,132,360,1,Semiurban,Y
425,LP001426,Male,Yes,0,Graduate,No,2333,2417,,360,1,Urban,Y
426,LP001427,Male,Yes,0,Graduate,No,,0,125,360,1,Rural,Y
427,LP001428,Male,Yes,0,Graduate,No,2583,,120,360,,Urban,Y
428,LP001429,Male,Yes,2,Not Graduate,No,1993,1625,113,180,1,Semiurban,Y
429,LP001430,Male,Yes,2,Graduate,No,3100,1400,113,360,1,Urban,Y
430,LP001431,Male,Yes,2,Graduate,No,3276,484,135,360,,Semiurban,Y
431,LP001432,Female,No,0,Graduate,No,3180,0,71,360,0,Urban,N
432,LP001433,Male,Yes,0,Graduate,No,3033,1459,95,360,1,Urban,Y
433,LP001434,Male,No,0,Not Graduate,No,3902,1666,109,360,1,Rural,Y
434,LP001435,Female,No,0,Graduate,No,1500,1800,103,360,0,Semiurban,N
435,LP001436,Male,Yes,2,Not Graduate,No,2889,0,45,180,0,Urban,N
436,LP001437,Male,No,0,Not Graduate,No,2755,0,65,300,1,Rural,N
437,LP001438,Male,No,0,Graduate,No,2500,20000,103,360,1,Semiurban,Y
438,LP001439,Female,No,0,Not Graduate,No,1963,0,53,360,1,Semiurban,Y
439,LP001440,Female,No,0,Graduate,No,4547,0,115,360,1,Semiurban,Y
440,LP001441,Male,Yes,0,Not Graduate,No,2167,2400,115,360,1,Urban,Y
441,LP001442,Female,No,0,Not Graduate,No,2213,0,66,360,1,Rural,Y
442,LP001443,Female,No,1,Not Graduate,Yes,3867,,62,360,1,Semiurban,N
443,LP001444,Male,Yes,0,Not Graduate,No,2253,2033,110,360,1,Rural,Y
444,LP001445,Female,No,0,Graduate,No,2995,0,60,360,1,Urban,Y
445,LP001446,Male,Yes,0,Graduate,No,1025,2773,112,360,1,Rural,Y
446,LP001447,Male,Yes,0,Graduate,No,3246,1417,138,360,1,Semiurban,Y
447,LP001448,Male,Yes,0,Graduate,No,5829,0,138,360,1,Rural,Y
448,LP001449,Female,No,0,Not Graduate,No,2720,0,80,,0,Urban,N
449,LP001450,Male,Yes,0,Graduate,No,1820,1719,100,360,1,Urban,Y
450,LP001451,Male,Yes,1,Graduate,No,7250,1667,110,,0,Urban,N
451,LP001452,Male,Yes,0,Graduate,No,2666,4300,121,360,1,Rural,Y
452,LP001453,Female,No,1,Not Graduate,No,4606,0,81,360,1,Rural,N
453,LP001454,Male,Yes,2,Graduate,No,5935,0,133,360,1,Semiurban,Y
454,LP001455,Male,Yes,0,Graduate,No,2920,16.12000084,87,360,1,Rural,Y
455,LP001456,Male,No,0,Not Graduate,No,2717,,60,180,1,Urban,Y
456,LP001457,Female,No,1,Graduate,Yes,8624,0,150,360,1,Semiurban,Y
457,LP001458,Male,No,0,Graduate,No,6500,0,105,360,0,Rural,N
458,LP001459,Male,Yes,0,Graduate,No,2425,2340,143,360,1,Semiurban,Y
459,LP001460,Male,No,0,Graduate,No,3750,0,100,360,1,Urban,Y
460,LP001461,Male,No,0,Graduate,No,1926,1851,50,360,1,Semiurban,Y
461,LP001462,Female,Yes,0,Not Graduate,Yes,7142,0,138,360,1,Rural,Y
462,LP001463,Male,No,3+,Not Graduate,No,4707,1993,148,360,1,Semiurban,Y
463,LP001464,Male,Yes,1,Graduate,Yes,3466,1210,130,360,1,Rural,Y
464,LP001465,Male,Yes,2,Not Graduate,No,4652,0,110,360,1,Rural,Y
465,LP001466,Male,Yes,0,Graduate,,3539,1376,55,360,1,Rural,N
466,LP001467,Male,Yes,2,Graduate,No,3340,1710,150,360,0,Rural,N
467,LP001468,Male,Yes,2,Not Graduate,No,2309,,125,360,0,Rural,N
468,LP001469,Male,Yes,2,Not Graduate,No,1958,1456,60,300,,Urban,Y
469,LP001470,Male,Yes,0,Graduate,No,3948,,149,360,0,Rural,N
470,LP001471,Male,Yes,0,Graduate,No,2483,2466,90,180,0,Rural,Y
471,LP001472,Male,No,0,Graduate,Yes,7085,0,84,360,1,Semiurban,Y
472,LP001473,Male,Yes,2,Graduate,No,3859,0,96,360,1,Semiurban,Y
473,LP001474,Male,Yes,0,Graduate,No,4301,0,118,360,1,Urban,Y
474,LP001475,Male,No,2,Graduate,No,4354,0,136,360,1,Rural,Y
475,LP001476,Male,Yes,3+,Graduate,No,7740,0,128,180,1,Urban,Y
476,LP001477,Female,No,1,Not Graduate,,5191,0,132,360,1,Semiurban,Y
477,LP001478,Male,No,0,,No,4166,0,98,360,0,Semiurban,N
478,LP001479,Male,No,0,Graduate,No,6000,0,140,360,1,Rural,Y
479,LP001480,Male,Yes,3+,Not Graduate,No,2947,1664,70,180,0,Urban,N
480,LP001481,Female,Yes,2,Not Graduate,,210,2917,98,360,1,Semiurban,Y
481,LP001482,Male,Yes,0,Graduate,No,4333,2451,110,360,1,Urban,N
482,LP001483,Male,Yes,1,Not Graduate,No,2653,1500,113,180,0,Rural,N
483,LP001484,Male,Yes,3+,Graduate,No,,0,100,360,1,Semiurban,Y
484,LP001485,Female,No,0,Graduate,Yes,2500,0,93,360,,Urban,Y
485,LP001486,,Yes,2,Graduate,No,2873,1872,132,360,0,Semiurban,N
486,LP001487,Male,Yes,3+,Not Graduate,No,3095,0,113,360,1,Rural,Y
487,LP001488,Male,Yes,0,Graduate,No,2083,3150,128,360,1,Semiurban,Y
488,LP001489,Male,Yes,1,Not Graduate,No,1958,2436,131,360,1,Rural,Y
489,LP001490,Male,No,2,Graduate,No,3547,0,80,360,0,Rural,N
490,LP001491,Male,No,0,Graduate,No,,0,75,360,1,Urban,N
491,LP001492,Male,No,0,Not Graduate,No,2699,2785,96,360,,Semiurban,Y
492,LP001493,Male,No,0,Not Graduate,No,3691,0,110,360,1,Rural,Y
493,LP001494,Male,Yes,0,Graduate,No,3597,2157,119,360,0,Rural,N
494,LP001495,Female,Yes,1,Graduate,No,3326,913,105,84,1,Semiurban,Y
495,LP001496,Male,Yes,0,Not Graduate,No,2600,1700,107,360,1,Rural,Y
496,LP001497,Male,Yes,0,Graduate,No,4625,2857,111,12,,Urban,Y
497,LP001498,Male,Yes,1,Graduate,Yes,2895,0,95,360,1,Semiurban,Y
498,LP001499,Female,No,0,Graduate,No,645,3683,113,480,1,Rural,Y
499,LP001500,Female,No,0,Graduate,No,3159,0,100,360,1,Semiurban,Y
500,LP001501,Male,Yes,1,Not Graduate,No,4050,5302,138,360,,Rural,N
501,LP001502,Male,Yes,0,Not Graduate,No,3814,1483,124,300,1,Semiurban,Y
502,LP001503,,No,0,Graduate,No,3583,0,96,360,1,Urban,N
503,LP001504,Male,No,0,Not Graduate,No,3598,1287,100,360,1,Rural,N
504,LP001505,Male,Yes,2,Graduate,No,3283,2035,148,360,1,Urban,Y
505,LP001506,Male,Yes,0,Graduate,No,2130,6666,70,180,1,Semiurban,N
506,LP001507,Male,Yes,3+,Graduate,No,3466,3428,150,360,1,Rural,Y
507,LP001508,Female,Yes,2,Graduate,No,2031,1632,113,480,1,Semiurban,Y
508,LP001509,Male,Yes,,Not Graduate,No,3074,1800,123,360,0,Semiurban,N
509,LP001510,Female,No,0,Not Graduate,No,,0,95,360,1,Rural,N
510,LP001511,Male,Yes,2,Not Graduate,No,2192,1742,45,360,1,Semiurban,Y
511,LP001512,Male,No,0,,No,2500,0,55,360,1,Semiurban,Y
512,LP001513,Male,Yes,3+,Graduate,Yes,5677,1424,100,360,1,Rural,Y
513,LP001514,Male,Yes,0,Graduate,No,3775,0,110,360,1,Semiurban,Y
514,LP001515,Male,No,1,Not Graduate,No,2679,1302,94,360,1,Semiurban,Y
515,LP001516,Male,No,0,Not Graduate,No,6783,0,130,360,1,Semiurban,Y
516,LP001517,Male,Yes,3+,Graduate,No,4281,0,,360,1,Urban,Y
517,LP001518,Male,No,2,Graduate,No,,0,110,360,0,Rural,N
518,LP001519,Male,No,0,Not Graduate,,,2042,126,360,1,Rural,Y
519,LP001520,Male,No,2,Graduate,No,3617,0,107,360,1,Semiurban,Y
520,LP001521,Male,Yes,0,,No,2917,,66,360,1,Rural,N
521,LP001522,Female,Yes,1,Graduate,No,4608,2845,140,180,1,Semiurban,Y
522,LP001523,Female,No,0,Graduate,No,2138,0,99,360,0,Semiurban,N
523,LP001524,Female,No,1,Graduate,,3652,0,95,360,1,Semiurban,Y
524,LP001525,Male,Yes,1,Not Graduate,No,2239,,128,360,1,Urban,Y
525,LP001526,Female,Yes,0,Not Graduate,No,3017,,102,360,,Semiurban,Y
526,LP001527,Male,No,0,Not Graduate,No,3358,0,80,36,1,Semiurban,N
527,LP001528,Male,No,0,Graduate,No,2526,1783,145,360,1,Rural,Y
528,LP001529,Female,No,0,Graduate,No,5000,0,103,360,0,Semiurban,N
529,LP001530,Male,Yes,0,Graduate,No,2785,2016,110,360,1,Rural,Y
530,LP001531,Male,Yes,0,Graduate,No,3593,4266,132,180,0,Rural,N
531,LP001532,Male,Yes,1,Graduate,No,5468,1032,26,360,1,Semiurban,Y
532,LP001533,Female,No,0,Graduate,No,2667,,84,360,,Urban,Y
533,LP001534,Male,Yes,2,Not Graduate,No,3675,,108,360,1,Semiurban,Y
534,LP001535,Male,No,0,Not Graduate,Yes,5800,0,132,360,1,Semiurban,Y
535,LP001536,Male,Yes,0,Not Graduate,No,4467,0,,360,,Rural,Y
536,LP001537,Male,No,0,Graduate,No,3333,0,70,360,1,Urban,Y
537,LP001538,Male,Yes,3+,Graduate,No,3400,2500,123,360,0,Rural,N
538,LP001539,Female,No,0,Graduate,No,2378,0,9,360,1,Urban,N
539,LP001540,Male,Yes,0,,No,3166,2064,104,360,0,Urban,N
540,LP001541,Male,Yes,3+,Graduate,No,6406,0,150,360,1,Semiurban,N
541,LP001542,Male,Yes,2,Graduate,No,3159,461,108,84,1,Urban,Y
542,LP001543,,Yes,0,Graduate,No,3087,2210,,360,0,Semiurban,N
543,LP001544,Male,No,0,Graduate,No,3229,2739,110,360,1,Urban,Y
544,LP001545,Male,Yes,1,Graduate,No,1782,2232,107,360,1,Rural,Y
545,LP001546,Male,No,0,Graduate,No,1836,33837,90,360,1,Urban,N
546,LP001547,Female,Yes,0,Graduate,No,3166,0,36,360,1,Semiurban,Y
547,LP001548,Male,Yes,1,Graduate,No,1880,0,61,360,,Rural,N
548,LP001549,Male,Yes,1,Graduate,No,2787,,146,360,0,Rural,N
549,LP001550,Male,Yes,0,Graduate,No,2297,1522,104,360,1,Urban,Y
550,LP001551,Female,No,0,Not Graduate,No,2165,0,70,360,1,Semiurban,Y
551,LP001552,,No,0,Graduate,No,,0,94,360,1,Semiurban,Y
552,LP001553,Male,Yes,2,Graduate,Yes,2726,0,106,360,0,Semiurban,N
553,LP001554,Male,Yes,0,Graduate,No,3000,3416,56,180,1,Semiurban,Y
554,LP001555,Male,Yes,0,Graduate,No,3859,3300,142,180,1,Rural,Y
555,LP001556,Male,No,0,Not Graduate,No,3833,0,110,360,1,Rural,Y
556,LP001557,Male,No,,Graduate,No,2987,0,88,360,0,Semiurban,N
557,LP001558,Male,Yes,3+,Graduate,No,5703,0,128,360,1,Urban,Y
558,LP001559,Male,Yes,0,Graduate,No,3232,,108,360,1,Rural,Y
559,LP001560,Female,No,0,Graduate,No,2900,0,71,360,1,Rural,Y
560,LP001561,Male,Yes,3+,Graduate,No,4106,0,40,180,1,Rural,Y
561,LP001562,Female,No,0,,Yes,4583,0,133,360,0,Semiurban,N